{"average_polarity": 0.12970889574002983, "average_subjectivity": 0.2934495187149408}